lat,lon,catchment_km2,pct_in_domain,id
-27.567,119.5661,1181.0,100.0,2007191159.0
-26.6075,118.1663,239.0,100.0,2007190855.0
-28.2668,117.3884,4361.8,91.6,2007191441.0
-28.2661,117.3893,4361.8,91.6,2007190896.0
-28.3625,119.5887,2270.1,91.3,2007190973.0
-29.0619,117.2772,5433.6,90.6,2007191554.0
-28.3554,116.6591,7925.0,89.9,2007190231.0
-28.8937,116.3855,14812.9,82.8,2007190375.0
-27.3875,117.765,5162.3,74.5,2007190914.0
-27.4302,116.8246,4460.6,63.2,2007190203.0
-29.5506,115.8131,35691.1,56.5,2007190287.0
-30.8569,119.9266,1188.7,56.1,2007190016.0
-28.2882,118.3183,2399.7,49.0,2007190230.0
-29.2727,116.4259,14447.7,43.6,2007191589.0
-29.7548,119.7375,657.6,42.1,2007191057.0
-25.7416,115.1237,5915.0,41.7,2007191377.0
-30.312,119.0205,7372.9,39.5,2007190275.0
-30.9634,118.7959,18466.8,36.0,2007190018.0
-31.2279,119.6805,4533.8,35.0,2007190229.0
-33.8759,120.2268,1477.8,34.3,2007191088.0
-28.6164,119.0561,1434.7,33.1,2007190244.0
-30.8421,118.267,10647.9,30.7,2007191130.0
-27.8214,118.382,3066.3,30.6,2007191335.0
-31.1398,118.4779,22352.7,29.8,2007190418.0
-27.3757,115.9283,9635.7,29.2,2007190793.0
-26.0985,116.6163,37518.6,28.5,2007191462.0
-26.546,115.4845,4523.9,28.0,2007190883.0
-27.533,115.2171,68708.5,27.8,2007190039.0
-27.5315,115.2179,68708.5,27.8,2007190984.0
-27.3553,115.9009,54819.4,26.4,2007190304.0
-27.63,114.2488,77455.1,24.6,2007190475.0
-31.33,118.0113,40447.8,24.5,2007190602.0
-25.7417,114.2953,10371.7,23.8,2007190923.0
-31.202,119.2939,3769.5,20.4,2007190890.0
-29.353,117.818,3418.0,19.3,2007190864.0
-33.7718,119.9573,2146.4,17.4,2007190421.0
-31.8068,117.6543,77237.7,13.1,2007190710.0
-32.244,117.0386,83881.9,12.0,2007191559.0
-27.0911,118.7459,7179.2,11.8,2007191249.0
-31.7481,116.6724,88061.6,11.5,2007190651.0
-29.1567,119.0016,3049.1,10.1,2007191188.0
-31.9066,115.9629,112576.8,9.0,2007191560.0
-29.4221,120.5199,4963.8,7.6,2007191325.0
-28.7638,120.6231,2438.7,6.1,2007190819.0
-26.289,116.8887,4355.3,4.9,2007190928.0
-28.1765,115.702,5905.5,3.1,2007190951.0
-24.75,116.2603,32146.6,2.2,2007191503.0
-25.1472,116.9345,26200.1,2.1,2007190342.0
-25.1472,116.9328,26200.1,2.1,2007190989.0
-25.026,115.8642,37696.2,1.9,2007191392.0
-28.8365,114.8258,11972.8,1.6,2007190316.0
-25.1933,115.5112,44420.9,1.6,2007190915.0
-24.9576,114.8066,52316.7,1.3,2007190541.0
-28.8133,121.0751,14829.3,1.0,2007190688.0
-29.3572,121.8765,22930.7,0.7,2007190161.0
-29.3562,121.8772,22930.7,0.7,2007191413.0
-31.2341,121.962,697.6,0.0,2007190067.0
-33.7432,121.2552,3662.6,0.0,2007191572.0
-26.7433,120.2688,2882.4,0.0,2007191456.0
-29.8709,117.7147,2169.9,0.0,2007191438.0
-25.3114,114.1236,495.0,0.0,2007191571.0
-25.5077,120.2349,2481.8,0.0,2007191062.0
-26.709,114.6714,715.0,0.0,2007191566.0
-28.0355,121.6451,169.1,0.0,2007191107.0
-32.6417,120.5777,166.4,0.0,2007191042.0
-31.2344,121.962,697.6,0.0,2007191121.0
-27.198,119.9537,3226.6,0.0,2007191440.0
-32.3449,121.7061,178.0,0.0,2007191027.0
-28.2627,120.0934,1435.7,0.0,2007191025.0
-29.9075,115.9958,3646.0,0.0,2007191134.0
-30.5294,121.2026,777.8,0.0,2007191047.0
-29.8507,115.1536,225.7,0.0,2007191366.0
-32.0515,118.1664,22930.7,0.0,2007190071.0
-32.9411,120.3454,1142.9,0.0,2007191296.0
-30.6985,115.5852,1047.4,0.0,2007191353.0
-26.9863,116.2217,5618.6,0.0,2007191509.0
-24.7735,120.1843,1138.1,0.0,2007191347.0
-31.6594,116.7206,6464.4,0.0,2007191506.0
-29.742,117.7992,6059.4,0.0,2007191533.0
-26.9856,116.2222,5618.6,0.0,2007191382.0
-28.2116,114.3201,1326.3,0.0,2007191316.0
-29.9076,115.9953,3646.0,0.0,2007191282.0
-26.4546,114.1635,192.9,0.0,2007191357.0
-30.5386,115.227,508.7,0.0,2007191259.0
-33.4267,115.7117,911.7,0.0,2007191491.0
-28.692,120.9424,9779.4,0.0,2007191257.0
-24.5182,114.014,130.6,0.0,2007191384.0
-31.9538,120.7761,737.2,0.0,2007191232.0
-27.2164,121.1008,3546.9,0.0,2007191544.0
-30.8768,115.651,666.1,0.0,2007191230.0
-25.7386,120.8706,2411.6,0.0,2007191161.0
-26.708,114.6715,715.0,0.0,2007190176.0
-25.0453,117.5865,20408.5,0.0,2007190976.0
-29.2785,115.1659,4787.3,0.0,2007190566.0
-27.7737,121.4367,11398.6,0.0,2007190517.0
-25.7102,118.0797,4028.4,0.0,2007190499.0
-29.8712,121.9872,150.7,0.0,2007190490.0
-32.7888,118.5908,2017.7,0.0,2007190459.0
-29.6179,120.9301,1434.6,0.0,2007190456.0
-33.7594,121.5597,953.8,0.0,2007190436.0
-32.3446,121.7056,178.0,0.0,2007190434.0
-26.559,120.0312,5096.7,0.0,2007190432.0
-33.3153,115.8367,3056.3,0.0,2007190408.0
-26.4977,121.6282,5140.3,0.0,2007190151.0
-28.6927,120.9417,9779.4,0.0,2007190355.0
-26.1269,118.2939,5351.1,0.0,2007190327.0
-30.5386,115.2264,508.7,0.0,2007190311.0
-33.8883,119.8638,1319.8,0.0,2007190302.0
-25.2228,118.9882,8249.4,0.0,2007190292.0
-32.0513,118.1665,22930.7,0.0,2007190289.0
-33.7314,121.9907,638.6,0.0,2007190153.0
-29.9187,121.3594,489.1,0.0,2007190249.0
-24.7004,115.309,1591.1,0.0,2007190235.0
-32.9117,115.8234,937.2,0.0,2007190163.0
-31.4629,116.7211,5890.5,0.0,2007190222.0
-32.9995,118.5549,1943.5,0.0,2007190207.0
-25.0138,118.2705,2487.1,0.0,2007190167.0
-26.181,117.9734,246.2,0.0,2007190533.0
-31.2966,115.5597,13737.5,0.0,2007190636.0
-32.5727,118.4508,6468.1,0.0,2007190073.0
-31.6723,121.6198,275.3,0.0,2007190664.0
-30.3002,115.1967,3540.8,0.0,2007190959.0
-33.518,116.8065,13877.6,0.0,2007190954.0
-30.938,116.0506,9662.9,0.0,2007190953.0
-32.7609,115.906,7024.1,0.0,2007190086.0
-31.3509,120.2086,228.1,0.0,2007190901.0
-31.6287,115.7298,28.8,0.0,2007190101.0
-25.6406,119.8766,3469.7,0.0,2007190190.0
-33.8296,120.7941,2393.5,0.0,2007190889.0
-27.6989,117.984,113.7,0.0,2007190881.0
-29.545,116.7141,2380.7,0.0,2007190861.0
-26.0518,121.9344,591.4,0.0,2007190147.0
-27.1987,119.9535,3226.6,0.0,2007190827.0
-32.1209,116.0335,931.7,0.0,2007190810.0
-31.8462,119.9992,508.9,0.0,2007190805.0
-25.7527,114.2024,1283.2,0.0,2007190803.0
-30.9285,117.3828,236.0,0.0,2007190769.0
-33.6102,115.5585,234.8,0.0,2007190726.0
-30.9629,121.2917,2020.0,0.0,2007190717.0
-33.4026,117.7419,5959.0,0.0,2007190707.0
-28.7678,114.7232,1952.1,0.0,2007190702.0
-32.1223,118.2078,3626.2,0.0,2007190701.0
-27.3952,114.1369,109.6,0.0,2007190693.0
-25.9963,114.316,2130.6,0.0,2007190691.0
-33.8291,120.7939,2393.5,0.0,2007190834.0
