SITEID,LAT,LON
2007190001.0,-12.6551,142.2717
2007190002.0,-13.1195,141.9851
2007190003.0,-22.7017,114.8976
2007190004.0,-22.7363,116.122
2007190005.0,-27.8225,153.0022
2007190007.0,-24.1167,118.3824
2007190009.0,-29.5469,148.5809
2007190010.0,-17.1653,131.413
2007190011.0,-28.3459,146.8424
2007190012.0,-22.9801,145.2473
2007190013.0,-25.8488,135.2452
2007190014.0,-35.7518,143.6603
2007190015.0,-23.5343,149.7069
2007190016.0,-30.8569,119.9266
2007190017.0,-20.7195,120.9245
2007190018.0,-30.9634,118.7959
2007190019.0,-34.876,150.4985
2007190021.0,-27.641,142.781
2007190022.0,-29.1282,149.0005
2007190023.0,-22.874,138.7608
2007190024.0,-16.8116,122.8996
2007190025.0,-22.3121,149.4741
2007190028.0,-31.8126,123.8542
2007190029.0,-31.1569,125.6804
2007190031.0,-30.1907,147.7138
2007190032.0,-38.0882,144.2791
2007190033.0,-24.997,131.4607
2007190034.0,-24.1443,118.4823
2007190035.0,-20.402,147.3506
2007190036.0,-26.3152,143.1686
2007190038.0,-19.8299,135.394
2007190039.0,-27.533,115.2171
2007190041.0,-20.6387,142.6312
2007190042.0,-38.0123,143.6445
2007190043.0,-31.6369,124.9322
2007190044.0,-23.3485,141.51
2007190048.0,-21.7283,117.2566
2007190050.0,-20.5204,118.4963
2007190051.0,-27.0168,149.6649
2007190052.0,-34.0724,119.5498
2007190053.0,-33.6715,148.5422
2007190054.0,-33.3062,139.7598
2007190055.0,-14.6521,132.018
2007190056.0,-35.9834,144.9326
2007190057.0,-31.3628,143.5746
2007190058.0,-34.9353,117.4727
2007190059.0,-30.9478,136.0354
2007190062.0,-32.0996,144.2191
2007190063.0,-19.7679,129.3222
2007190064.0,-37.9818,147.4098
2007190065.0,-19.2409,139.96
2007190066.0,-20.3197,119.2589
2007190067.0,-31.2341,121.962
2007190068.0,-33.4863,148.2703
2007190069.0,-21.444,145.8212
2007190070.0,-26.7597,137.5204
2007190071.0,-32.0515,118.1664
2007190072.0,-27.7109,137.6583
2007190073.0,-32.5727,118.4508
2007190074.0,-26.7486,134.4646
2007190075.0,-23.7772,117.8137
2007190076.0,-21.771,115.4063
2007190077.0,-29.7312,149.3184
2007190078.0,-33.5409,144.3757
2007190079.0,-24.504,139.5956
2007190081.0,-21.1095,134.4924
2007190082.0,-31.4679,129.313
2007190083.0,-30.2768,147.5613
2007190084.0,-23.9438,137.2762
2007190086.0,-32.7609,115.906
2007190087.0,-20.5724,148.6051
2007190089.0,-22.422,148.6949
2007190090.0,-35.4773,141.9897
2007190091.0,-25.8903,147.8174
2007190092.0,-25.6875,150.9716
2007190093.0,-35.3891,143.072
2007190094.0,-25.7027,135.7782
2007190095.0,-28.8014,133.5324
2007190096.0,-17.0445,134.0173
2007190097.0,-28.7457,124.032
2007190098.0,-27.6871,136.8315
2007190099.0,-12.7712,130.7451
2007190101.0,-31.6287,115.7298
2007190103.0,-17.8568,141.1343
2007190104.0,-31.2069,131.45
2007190105.0,-27.6357,148.7402
2007190106.0,-31.4903,142.1858
2007190107.0,-30.6934,134.2807
2007190108.0,-28.6863,143.2471
2007190110.0,-37.7193,148.4774
2007190111.0,-26.9226,142.0858
2007190112.0,-33.1477,149.5039
2007190113.0,-19.8141,146.0284
2007190114.0,-25.6866,151.7798
2007190115.0,-31.7149,138.2156
2007190116.0,-16.2696,137.088
2007190117.0,-23.6609,139.8748
2007190118.0,-12.9586,132.383
2007190119.0,-20.5315,131.0648
2007190121.0,-29.0518,133.2902
2007190122.0,-33.075,145.5889
2007190123.0,-21.2931,132.7696
2007190124.0,-37.1744,145.5691
2007190125.0,-20.4808,140.5896
2007190126.0,-25.6463,149.7918
2007190127.0,-36.2785,140.8132
2007190128.0,-32.5397,144.7951
2007190129.0,-31.8137,126.5585
2007190130.0,-28.875,122.1138
2007190131.0,-32.669,134.3047
2007190132.0,-24.9854,137.6081
2007190134.0,-30.1662,137.7499
2007190135.0,-22.1038,118.284
2007190136.0,-41.504,147.0589
2007190137.0,-20.1402,132.3594
2007190138.0,-21.0016,146.4245
2007190139.0,-26.6784,122.9053
2007190141.0,-28.9365,123.2715
2007190142.0,-31.6128,122.4467
2007190144.0,-25.5175,152.6445
2007190145.0,-31.2472,130.8978
2007190146.0,-22.851,129.2329
2007190147.0,-26.0518,121.9344
2007190148.0,-30.3125,141.0653
2007190149.0,-35.1639,143.6998
2007190150.0,-21.8341,135.5159
2007190151.0,-26.4977,121.6282
2007190152.0,-30.8382,126.2394
2007190153.0,-33.7314,121.9907
2007190154.0,-12.4952,141.8922
2007190155.0,-24.9771,138.7357
2007190156.0,-30.2352,142.4503
2007190158.0,-18.2815,134.2266
2007190159.0,-30.6589,130.0314
2007190161.0,-29.3572,121.8765
2007190162.0,-35.1156,141.5534
2007190163.0,-32.9117,115.8234
2007190164.0,-31.9102,135.2598
2007190165.0,-25.2261,131.7118
2007190166.0,-29.5292,123.1426
2007190167.0,-25.0138,118.2705
2007190168.0,-33.9792,147.5618
2007190169.0,-12.9273,135.0381
2007190170.0,-13.6279,141.7009
2007190172.0,-36.1532,141.9985
2007190174.0,-35.777,140.4609
2007190175.0,-29.2412,134.3732
2007190176.0,-26.708,114.6715
2007190177.0,-14.0074,134.4374
2007190178.0,-16.4287,130.934
2007190179.0,-27.0123,136.8879
2007190181.0,-30.1478,148.3915
2007190182.0,-35.0312,147.1067
2007190183.0,-25.2963,133.1004
2007190184.0,-24.472,130.283
2007190185.0,-22.9134,116.2835
2007190187.0,-31.8119,133.8616
2007190188.0,-28.4285,136.8471
2007190189.0,-34.089,141.9154
2007190190.0,-25.6406,119.8766
2007190192.0,-32.5643,151.0905
2007190193.0,-35.3465,145.5362
2007190194.0,-31.5759,147.1768
2007190195.0,-31.797,134.6169
2007190196.0,-33.1768,144.5708
2007190197.0,-17.0774,124.0679
2007190198.0,-25.4652,140.886
2007190202.0,-27.4679,147.3002
2007190203.0,-27.4302,116.8246
2007190204.0,-19.9721,133.6034
2007190205.0,-20.8043,143.5416
2007190206.0,-20.8551,119.7656
2007190207.0,-32.9995,118.5549
2007190208.0,-24.1356,151.6922
2007190209.0,-20.042,137.0153
2007190211.0,-17.7658,139.56
2007190212.0,-23.5789,131.1365
2007190213.0,-22.7004,114.8981
2007190214.0,-30.023,145.3978
2007190215.0,-25.3946,135.3772
2007190216.0,-31.4555,137.3559
2007190217.0,-24.4484,142.0551
2007190218.0,-28.3466,125.3904
2007190219.0,-25.9644,141.623
2007190221.0,-14.2767,130.0637
2007190222.0,-31.4629,116.7211
2007190223.0,-27.693,138.2812
2007190224.0,-33.9046,136.5596
2007190225.0,-27.9889,143.837
2007190226.0,-29.6545,148.5844
2007190227.0,-28.6086,142.5779
2007190228.0,-32.9836,138.0154
2007190229.0,-31.2279,119.6805
2007190230.0,-28.2882,118.3183
2007190231.0,-28.3554,116.6591
2007190232.0,-36.1712,144.7471
2007190233.0,-22.2404,137.1125
2007190234.0,-28.0505,150.1469
2007190235.0,-24.7004,115.309
2007190237.0,-24.0527,147.7664
2007190238.0,-27.2707,122.9383
2007190239.0,-20.7317,133.4897
2007190241.0,-32.3995,150.3716
2007190242.0,-24.8289,134.1901
2007190243.0,-34.0558,141.7953
2007190244.0,-28.6164,119.0561
2007190245.0,-28.7293,123.8622
2007190246.0,-16.0825,136.3183
2007190248.0,-28.0636,139.2786
2007190249.0,-29.9187,121.3594
2007190251.0,-31.6779,135.386
2007190252.0,-14.6245,144.2471
2007190253.0,-30.8376,140.6597
2007190256.0,-28.1337,136.7866
2007190257.0,-35.8178,142.4117
2007190258.0,-29.2165,152.5645
2007190259.0,-33.3491,145.882
2007190261.0,-18.5404,144.1146
2007190263.0,-32.4377,142.5283
2007190264.0,-20.9932,146.2946
2007190265.0,-19.641,136.0504
2007190266.0,-29.1721,136.3256
2007190267.0,-20.9514,117.4412
2007190268.0,-35.3487,146.2836
2007190269.0,-22.8591,131.5524
2007190271.0,-29.3302,142.5206
2007190272.0,-30.8484,138.1672
2007190273.0,-25.1788,143.2605
2007190274.0,-23.558,141.3611
2007190275.0,-30.312,119.0205
2007190276.0,-29.6406,145.2503
2007190278.0,-29.4583,150.0853
2007190279.0,-35.1245,147.5432
2007190281.0,-23.8917,113.9952
2007190282.0,-24.1068,116.455
2007190283.0,-24.5338,131.2238
2007190284.0,-27.2356,151.198
2007190285.0,-21.5304,147.047
2007190286.0,-30.4583,147.6841
2007190287.0,-29.5506,115.8131
2007190288.0,-14.94,132.4177
2007190289.0,-32.0513,118.1665
2007190290.0,-17.6576,133.5424
2007190291.0,-14.0533,135.8666
2007190292.0,-25.2228,118.9882
2007190293.0,-24.3121,145.2032
2007190294.0,-26.9311,133.8295
2007190296.0,-19.9216,132.5965
2007190298.0,-25.0562,140.1791
2007190299.0,-28.5677,144.2594
2007190301.0,-14.6808,134.5749
2007190302.0,-33.8883,119.8638
2007190303.0,-23.6526,151.0544
2007190304.0,-27.3553,115.9009
2007190305.0,-21.2912,116.1483
2007190307.0,-16.4337,143.8043
2007190308.0,-19.4783,135.2878
2007190309.0,-23.3762,117.0388
2007190310.0,-20.204,121.3139
2007190311.0,-30.5386,115.2264
2007190312.0,-25.6009,142.7897
2007190313.0,-13.8248,130.7263
2007190315.0,-20.3261,119.3061
2007190316.0,-28.8365,114.8258
2007190317.0,-17.3729,124.0278
2007190318.0,-15.1562,144.343
2007190319.0,-42.4472,145.5385
2007190321.0,-18.0045,137.4515
2007190322.0,-17.4075,143.7996
2007190323.0,-12.8,132.7344
2007190324.0,-31.7374,124.4479
2007190325.0,-38.3541,142.4958
2007190326.0,-29.4488,137.7461
2007190327.0,-26.1269,118.2939
2007190328.0,-18.7158,121.9302
2007190329.0,-27.0966,135.5075
2007190331.0,-31.2245,139.6533
2007190332.0,-20.6666,117.9535
2007190333.0,-13.1527,130.5414
2007190334.0,-30.3131,145.619
2007190335.0,-32.6919,145.157
2007190336.0,-23.1731,120.0197
2007190337.0,-18.6619,134.8477
2007190338.0,-27.0475,140.6795
2007190339.0,-22.444,119.664
2007190342.0,-25.1472,116.9345
2007190343.0,-12.5553,143.1587
2007190344.0,-23.0337,141.7384
2007190345.0,-11.2978,132.3044
2007190346.0,-30.0768,147.5615
2007190347.0,-21.0631,137.9789
2007190348.0,-17.5933,143.186
2007190349.0,-20.857,120.6887
2007190350.0,-37.081,140.7937
2007190352.0,-38.6978,145.8815
2007190354.0,-19.4493,121.5819
2007190355.0,-28.6927,120.9417
2007190357.0,-15.0452,135.21
2007190358.0,-33.8599,150.349
2007190359.0,-12.9099,131.6679
2007190361.0,-32.1672,125.3612
2007190363.0,-23.496,129.0363
2007190364.0,-34.1701,142.9943
2007190366.0,-31.0619,152.801
2007190367.0,-17.947,140.181
2007190368.0,-33.0199,149.2815
2007190369.0,-17.9824,137.9685
2007190370.0,-20.7054,118.2928
2007190372.0,-34.2069,144.625
2007190373.0,-22.2831,137.9364
2007190374.0,-16.4852,141.7924
2007190375.0,-28.8937,116.3855
2007190377.0,-15.3595,130.2883
2007190378.0,-34.87,143.87
2007190379.0,-25.3949,132.5496
2007190381.0,-42.78,147.0877
2007190382.0,-21.949,138.4578
2007190383.0,-22.4011,145.129
2007190384.0,-22.9377,132.823
2007190385.0,-25.2378,143.7987
2007190386.0,-21.615,115.9246
2007190387.0,-12.3632,136.7093
2007190389.0,-26.7625,134.5393
2007190390.0,-22.0194,133.9843
2007190391.0,-26.3032,139.3861
2007190392.0,-17.463,141.1887
2007190393.0,-35.3967,143.649
2007190394.0,-33.0336,146.6446
2007190395.0,-31.3524,123.6103
2007190396.0,-32.3173,150.7568
2007190398.0,-28.7493,122.1932
2007190399.0,-16.7679,131.2421
2007190401.0,-25.0221,150.1154
2007190402.0,-21.3427,119.3524
2007190403.0,-26.963,150.8659
2007190404.0,-24.8073,152.1812
2007190406.0,-21.531,147.0484
2007190407.0,-25.8965,138.852
2007190408.0,-33.3153,115.8367
2007190410.0,-32.3271,124.8986
2007190411.0,-23.4654,117.5725
2007190412.0,-34.699,139.4938
2007190413.0,-18.1646,139.1362
2007190414.0,-36.0375,144.3091
2007190418.0,-31.1398,118.4779
2007190419.0,-18.5773,136.116
2007190421.0,-33.7718,119.9573
2007190422.0,-28.9758,144.4114
2007190423.0,-29.4139,139.5179
2007190424.0,-31.3918,140.7176
2007190425.0,-33.1569,147.4515
2007190426.0,-31.851,147.1322
2007190427.0,-34.2188,135.5543
2007190428.0,-21.1813,136.172
2007190429.0,-33.3609,150.9468
2007190430.0,-28.0591,145.6832
2007190431.0,-30.5478,141.0262
2007190432.0,-26.559,120.0312
2007190433.0,-15.2002,144.4336
2007190434.0,-32.3446,121.7056
2007190435.0,-22.9733,149.2411
2007190436.0,-33.7594,121.5597
2007190437.0,-23.6237,117.587
2007190438.0,-16.8575,145.7147
2007190439.0,-34.528,138.4622
2007190441.0,-20.4519,137.8378
2007190442.0,-25.768,137.2317
2007190444.0,-32.4926,149.2693
2007190445.0,-20.6988,141.4926
2007190446.0,-26.3715,136.9148
2007190447.0,-27.5286,144.0852
2007190448.0,-22.9118,132.2717
2007190450.0,-32.1126,123.7398
2007190451.0,-25.6814,142.1746
2007190452.0,-36.5163,150.031
2007190453.0,-16.9931,144.3018
2007190454.0,-30.5436,131.0606
2007190455.0,-20.6699,147.6576
2007190456.0,-29.6179,120.9301
2007190457.0,-35.5403,138.5768
2007190458.0,-18.561,140.7191
2007190459.0,-32.7888,118.5908
2007190461.0,-29.4789,125.1711
2007190462.0,-37.4769,149.6434
2007190463.0,-18.9003,144.9867
2007190465.0,-19.6303,135.6716
2007190466.0,-32.2845,134.9263
2007190467.0,-16.5157,137.5312
2007190468.0,-17.2643,133.4561
2007190469.0,-32.8544,140.611
2007190471.0,-25.2964,133.1016
2007190472.0,-18.6188,135.4053
2007190473.0,-30.5861,138.0035
2007190474.0,-12.6701,132.2347
2007190475.0,-27.63,114.2488
2007190476.0,-27.3507,145.18
2007190477.0,-25.6829,149.805
2007190478.0,-24.072,144.9693
2007190479.0,-19.4089,132.6305
2007190481.0,-15.253,129.5771
2007190483.0,-23.636,143.8773
2007190484.0,-30.6558,122.534
2007190485.0,-40.9527,148.0165
2007190486.0,-34.126,149.0191
2007190487.0,-20.9677,137.9333
2007190488.0,-36.2457,146.2689
2007190490.0,-29.8712,121.9872
2007190491.0,-33.1367,142.5561
2007190492.0,-30.8345,128.3122
2007190493.0,-37.927,141.2798
2007190494.0,-21.0148,146.8772
2007190495.0,-32.4313,134.0879
2007190496.0,-20.6682,143.8951
2007190497.0,-17.6034,131.5762
2007190498.0,-27.8729,151.5267
2007190499.0,-25.7102,118.0797
2007190501.0,-33.8208,140.0504
2007190502.0,-24.2788,144.3329
2007190503.0,-22.5117,138.4406
2007190505.0,-24.9801,133.9943
2007190506.0,-23.2166,139.5741
2007190507.0,-29.9412,142.7178
2007190508.0,-23.4285,148.1492
2007190509.0,-22.7614,129.7595
2007190510.0,-26.4901,140.2496
2007190511.0,-18.2549,141.1985
2007190512.0,-29.6264,134.8138
2007190513.0,-29.9748,148.1476
2007190514.0,-11.0346,142.6588
2007190515.0,-34.646,143.5629
2007190517.0,-27.7737,121.4367
2007190518.0,-15.3791,142.0264
2007190519.0,-11.6025,142.1365
2007190522.0,-28.4823,139.987
2007190523.0,-29.2169,143.1805
2007190524.0,-30.6163,137.339
2007190525.0,-25.8257,139.4756
2007190526.0,-35.894,150.0639
2007190527.0,-22.6117,140.5627
2007190528.0,-22.2053,114.7849
2007190529.0,-17.291,133.1387
2007190531.0,-20.7066,143.1343
2007190532.0,-30.0094,146.3548
2007190533.0,-26.181,117.9734
2007190534.0,-25.6772,149.2192
2007190535.0,-19.7422,121.2004
2007190536.0,-25.192,137.9373
2007190537.0,-28.6034,150.3721
2007190538.0,-28.3916,150.2732
2007190539.0,-29.9878,150.7771
2007190541.0,-24.9576,114.8066
2007190542.0,-19.6009,145.8901
2007190543.0,-28.3212,141.4085
2007190544.0,-16.7734,138.086
2007190545.0,-35.5777,150.17
2007190546.0,-35.6941,142.6168
2007190547.0,-27.8455,123.7271
2007190548.0,-18.0842,143.9198
2007190549.0,-25.5157,123.0358
2007190550.0,-18.6233,146.0915
2007190551.0,-29.0575,153.3335
2007190552.0,-33.9114,136.413
2007190553.0,-33.4533,150.9036
2007190554.0,-14.1848,129.6513
2007190555.0,-32.0612,125.6238
2007190556.0,-38.1559,147.0207
2007190557.0,-34.8884,118.0008
2007190558.0,-19.2302,146.6271
2007190559.0,-23.5832,136.6201
2007190561.0,-28.1923,133.0045
2007190562.0,-20.985,132.5757
2007190563.0,-13.1075,135.7291
2007190564.0,-21.3653,138.2744
2007190565.0,-17.9393,123.743
2007190566.0,-29.2785,115.1659
2007190567.0,-30.3247,144.0186
2007190568.0,-12.4973,141.8923
2007190569.0,-33.9606,145.5596
2007190570.0,-30.2599,123.1968
2007190571.0,-28.9392,146.7322
2007190572.0,-17.5025,142.3576
2007190574.0,-17.1978,134.3282
2007190575.0,-27.2157,124.4111
2007190576.0,-12.4788,131.0849
2007190577.0,-25.6739,151.2471
2007190578.0,-24.869,134.2434
2007190579.0,-35.2421,148.9513
2007190581.0,-33.5397,139.7024
2007190583.0,-18.0453,138.8558
2007190584.0,-19.9974,146.4337
2007190585.0,-22.2816,142.5147
2007190586.0,-17.6024,131.5759
2007190588.0,-20.8495,116.6073
2007190589.0,-41.5872,147.2361
2007190591.0,-19.4555,141.8203
2007190592.0,-11.4371,132.2584
2007190593.0,-18.3578,132.2387
2007190596.0,-29.2472,138.2117
2007190597.0,-29.1037,150.9507
2007190598.0,-38.4765,144.9344
2007190599.0,-33.7187,135.4207
2007190601.0,-24.5395,132.6341
2007190602.0,-31.33,118.0113
2007190604.0,-19.6173,131.44
2007190605.0,-28.577,150.8206
2007190606.0,-21.8609,146.6716
2007190609.0,-22.6114,140.5624
2007190610.0,-12.3888,142.1766
2007190611.0,-38.6972,145.8836
2007190613.0,-36.7078,149.8954
2007190616.0,-30.6841,132.5593
2007190618.0,-42.4752,146.7231
2007190619.0,-28.9256,148.7617
2007190621.0,-29.2414,137.9044
2007190622.0,-28.0414,136.0533
2007190623.0,-18.6136,132.431
2007190624.0,-22.891,139.9421
2007190625.0,-14.2276,135.576
2007190626.0,-24.6939,143.1238
2007190627.0,-25.6939,140.7531
2007190628.0,-19.1385,134.6076
2007190629.0,-28.8921,149.0494
2007190631.0,-23.217,139.5746
2007190632.0,-38.0876,144.279
2007190633.0,-34.9623,137.4036
2007190634.0,-22.386,114.0508
2007190635.0,-14.323,144.4398
2007190636.0,-31.2966,115.5597
2007190637.0,-12.3035,134.1128
2007190639.0,-37.7745,147.842
2007190641.0,-35.0115,148.1544
2007190642.0,-22.9934,144.5513
2007190643.0,-32.6457,123.9836
2007190644.0,-26.4752,147.9273
2007190645.0,-30.8549,147.0547
2007190646.0,-24.837,140.584
2007190647.0,-16.5266,143.4719
2007190648.0,-18.5621,131.5783
2007190650.0,-24.0136,135.4337
2007190651.0,-31.7481,116.6724
2007190652.0,-37.7022,148.5607
2007190653.0,-38.1913,145.5536
2007190654.0,-21.622,138.3084
2007190655.0,-21.036,130.7608
2007190657.0,-15.6343,131.1302
2007190658.0,-20.7719,120.7372
2007190659.0,-33.6497,123.7598
2007190661.0,-27.0693,149.7135
2007190663.0,-30.9391,150.5307
2007190664.0,-31.6723,121.6198
2007190665.0,-18.6142,141.3057
2007190666.0,-24.996,130.9929
2007190667.0,-14.6683,141.9216
2007190669.0,-21.6789,147.2433
2007190670.0,-25.1215,138.4662
2007190671.0,-37.5778,141.3854
2007190672.0,-23.8114,148.5158
2007190673.0,-24.2784,129.6551
2007190674.0,-14.7337,131.6081
2007190675.0,-33.9096,136.4124
2007190676.0,-30.7155,148.2914
2007190677.0,-33.2895,143.6141
2007190679.0,-21.1391,148.9135
2007190681.0,-20.0589,141.6355
2007190682.0,-34.9323,139.2205
2007190683.0,-23.754,114.3905
2007190684.0,-20.8132,137.6352
2007190685.0,-32.5204,151.9691
2007190686.0,-13.4411,142.3135
2007190687.0,-30.2678,147.2197
2007190688.0,-28.8133,121.0751
2007190689.0,-22.6254,149.652
2007190690.0,-34.9128,116.7876
2007190691.0,-25.9963,114.316
2007190692.0,-32.6919,145.1566
2007190693.0,-27.3952,114.1369
2007190694.0,-27.9613,136.0757
2007190695.0,-18.1705,133.492
2007190697.0,-18.2566,135.15
2007190698.0,-35.0235,144.5277
2007190699.0,-42.8713,147.7001
2007190701.0,-32.1223,118.2078
2007190702.0,-28.7678,114.7232
2007190703.0,-20.7066,143.1343
2007190704.0,-31.5762,147.1769
2007190705.0,-27.356,138.0959
2007190706.0,-20.9459,117.6112
2007190707.0,-33.4026,117.7419
2007190708.0,-16.625,144.5758
2007190709.0,-36.8653,148.414
2007190710.0,-31.8068,117.6543
2007190711.0,-12.127,133.6924
2007190712.0,-17.9361,139.1405
2007190713.0,-19.4979,131.1889
2007190714.0,-24.2014,151.2464
2007190716.0,-28.5593,138.0182
2007190717.0,-30.9629,121.2917
2007190721.0,-29.8512,146.4408
2007190722.0,-36.774,142.0761
2007190723.0,-38.587,146.9091
2007190724.0,-20.8485,130.7418
2007190725.0,-25.7889,146.5987
2007190726.0,-33.6102,115.5585
2007190727.0,-21.1015,131.6979
2007190728.0,-28.1511,135.2796
2007190730.0,-34.1618,115.1836
2007190732.0,-22.3026,144.698
2007190733.0,-15.4813,135.4005
2007190735.0,-31.5958,143.4777
2007190737.0,-22.3193,142.5334
2007190738.0,-25.0219,134.4814
2007190739.0,-33.649,123.7599
2007190741.0,-29.2658,139.2376
2007190742.0,-18.85,141.1951
2007190743.0,-29.8028,138.3645
2007190744.0,-36.2237,139.7805
2007190746.0,-29.011,140.5048
2007190747.0,-23.5776,131.1377
2007190748.0,-31.2721,144.7865
2007190750.0,-29.9465,123.6992
2007190751.0,-28.1152,133.5114
2007190752.0,-14.1842,129.6507
2007190753.0,-29.2966,145.0231
2007190754.0,-24.263,129.7858
2007190755.0,-33.0937,147.0587
2007190756.0,-22.8141,130.3374
2007190757.0,-23.4647,137.8302
2007190758.0,-19.9228,132.5963
2007190759.0,-32.9992,146.5016
2007190761.0,-31.5584,136.3627
2007190762.0,-26.8658,150.1587
2007190763.0,-33.8758,135.4012
2007190764.0,-16.9882,138.311
2007190766.0,-31.621,126.8244
2007190767.0,-17.6942,141.1531
2007190768.0,-33.1572,147.4523
2007190769.0,-30.9285,117.3828
2007190770.0,-17.4721,130.8155
2007190771.0,-31.6829,131.9387
2007190772.0,-17.6364,139.1817
2007190774.0,-18.5614,140.719
2007190775.0,-31.8929,152.4116
2007190776.0,-28.3139,122.7671
2007190778.0,-37.5593,149.1487
2007190779.0,-36.1248,144.9815
2007190781.0,-38.1003,147.0379
2007190782.0,-33.9778,149.1677
2007190783.0,-21.9282,146.9256
2007190785.0,-15.3254,129.0887
2007190787.0,-30.275,144.1019
2007190788.0,-35.347,145.5355
2007190789.0,-16.518,143.3081
2007190790.0,-34.7634,146.5653
2007190791.0,-22.3847,143.1014
2007190792.0,-12.2135,142.9925
2007190793.0,-27.3757,115.9283
2007190794.0,-28.7372,147.1142
2007190795.0,-24.7517,143.9014
2007190796.0,-34.1972,144.1116
2007190798.0,-12.4273,134.6988
2007190799.0,-29.1769,124.6208
2007190802.0,-30.1973,149.5017
2007190803.0,-25.7527,114.2024
2007190805.0,-31.8462,119.9992
2007190806.0,-34.8411,148.3647
2007190807.0,-27.0836,135.5224
2007190809.0,-33.0505,134.319
2007190810.0,-32.1209,116.0335
2007190811.0,-23.0539,141.6502
2007190812.0,-37.7864,144.5886
2007190813.0,-35.0229,144.5282
2007190814.0,-32.1583,136.7845
2007190816.0,-19.557,141.0141
2007190817.0,-18.6792,132.9901
2007190818.0,-34.2657,119.4026
2007190819.0,-28.7638,120.6231
2007190821.0,-16.9476,142.0767
2007190822.0,-30.7745,125.899
2007190823.0,-41.6596,144.9343
2007190825.0,-20.3082,141.1586
2007190826.0,-20.9023,129.3486
2007190827.0,-27.1987,119.9535
2007190829.0,-19.9877,120.2173
2007190830.0,-20.1489,138.039
2007190831.0,-16.8195,141.322
2007190832.0,-29.692,133.4757
2007190833.0,-22.9338,136.7838
2007190834.0,-33.8291,120.7939
2007190835.0,-31.2677,131.6912
2007190836.0,-22.7136,114.3487
2007190838.0,-29.3724,146.7202
2007190839.0,-25.4467,151.6675
2007190841.0,-22.4111,139.96
2007190842.0,-19.5426,140.8561
2007190843.0,-22.6511,150.4609
2007190844.0,-34.5769,135.5716
2007190846.0,-25.7546,142.358
2007190847.0,-34.6643,138.488
2007190848.0,-25.2016,135.6912
2007190849.0,-28.4337,146.6553
2007190850.0,-16.7362,123.9094
2007190851.0,-32.2507,138.1616
2007190852.0,-21.0199,130.103
2007190853.0,-32.272,137.754
2007190854.0,-30.5352,135.5389
2007190855.0,-26.6075,118.1663
2007190856.0,-15.0455,135.2102
2007190857.0,-24.2548,135.2333
2007190858.0,-18.1389,141.1677
2007190859.0,-20.876,116.5133
2007190861.0,-29.545,116.7141
2007190862.0,-16.1606,136.7569
2007190864.0,-29.353,117.818
2007190865.0,-30.7437,136.9055
2007190866.0,-15.1022,133.0758
2007190867.0,-23.5566,145.805
2007190868.0,-14.8267,130.1846
2007190870.0,-31.9877,137.209
2007190871.0,-33.5921,122.1733
2007190874.0,-17.4093,130.7745
2007190875.0,-28.1323,136.783
2007190876.0,-20.4024,147.3504
2007190877.0,-34.9843,116.6303
2007190878.0,-25.589,152.7003
2007190879.0,-14.7153,132.0814
2007190881.0,-27.6989,117.984
2007190882.0,-17.7516,131.534
2007190883.0,-26.546,115.4845
2007190884.0,-16.6439,135.8449
2007190885.0,-35.7758,143.9195
2007190886.0,-38.6608,146.2738
2007190887.0,-13.7987,130.4168
2007190888.0,-33.5035,135.3287
2007190889.0,-33.8296,120.7941
2007190890.0,-31.202,119.2939
2007190891.0,-21.8688,136.077
2007190894.0,-31.1289,124.3097
2007190895.0,-29.7012,147.3687
2007190896.0,-28.2661,117.3893
2007190897.0,-25.3697,151.0842
2007190898.0,-27.1317,152.507
2007190901.0,-31.3509,120.2086
2007190902.0,-37.7103,144.8385
2007190903.0,-13.5832,135.6974
2007190904.0,-20.0537,119.3111
2007190905.0,-20.2009,133.871
2007190906.0,-29.8026,138.3651
2007190907.0,-32.1559,135.8575
2007190909.0,-25.1924,137.9374
2007190910.0,-20.7992,134.2423
2007190912.0,-22.2841,148.9417
2007190913.0,-30.6933,134.2806
2007190914.0,-27.3875,117.765
2007190915.0,-25.1933,115.5112
2007190916.0,-20.1088,132.9901
2007190917.0,-22.6456,119.9692
2007190918.0,-35.2496,138.995
2007190919.0,-19.5582,147.1029
2007190921.0,-18.8053,143.277
2007190922.0,-35.0844,139.8851
2007190923.0,-25.7417,114.2953
2007190924.0,-18.1708,133.4923
2007190925.0,-17.2355,138.6776
2007190926.0,-31.829,145.2772
2007190927.0,-30.752,152.1917
2007190928.0,-26.289,116.8887
2007190929.0,-29.4448,153.2102
2007190930.0,-15.5033,142.5384
2007190931.0,-23.8345,130.3792
2007190932.0,-22.8607,120.2892
2007190933.0,-26.6445,141.8027
2007190936.0,-26.3919,146.2478
2007190939.0,-32.2717,137.7536
2007190941.0,-12.1047,142.278
2007190942.0,-17.6611,123.3923
2007190943.0,-30.9179,144.0125
2007190945.0,-31.4474,152.7398
2007190946.0,-21.6439,129.6783
2007190947.0,-29.7009,147.369
2007190948.0,-23.9337,135.849
2007190949.0,-32.4485,136.0046
2007190950.0,-24.1176,136.8895
2007190951.0,-28.1765,115.702
2007190952.0,-31.5839,127.66
2007190953.0,-30.938,116.0506
2007190954.0,-33.518,116.8065
2007190955.0,-34.1513,138.2614
2007190958.0,-20.2278,148.4951
2007190959.0,-30.3002,115.1967
2007190962.0,-17.0783,124.0675
2007190963.0,-15.67,129.8959
2007190964.0,-34.9838,142.0603
2007190966.0,-17.3467,124.3674
2007190967.0,-31.1765,135.3409
2007190968.0,-28.035,141.9105
2007190969.0,-32.9453,141.452
2007190970.0,-41.0492,144.6748
2007190971.0,-14.7379,134.0471
2007190972.0,-32.6807,141.678
2007190973.0,-28.3625,119.5887
2007190974.0,-18.5762,136.1157
2007190975.0,-29.3822,126.2921
2007190976.0,-25.0453,117.5865
2007190978.0,-32.3996,150.3713
2007190979.0,-20.4023,141.3346
2007190982.0,-34.0331,144.826
2007190984.0,-27.5315,115.2179
2007190985.0,-21.6518,136.6493
2007190986.0,-22.2368,134.5565
2007190989.0,-25.1472,116.9328
2007190990.0,-16.5329,142.0572
2007190991.0,-34.3349,146.5781
2007190992.0,-24.3311,147.4445
2007190993.0,-41.192,146.252
2007190994.0,-17.9747,135.5762
2007190995.0,-33.3397,138.0654
2007190996.0,-24.8345,130.729
2007190997.0,-29.7178,125.2564
2007190998.0,-14.9757,141.7992
2007190999.0,-28.5556,147.4065
2007191001.0,-17.9934,145.93
2007191002.0,-20.447,130.642
2007191003.0,-22.7286,115.6984
2007191004.0,-35.5406,138.5772
2007191005.0,-19.9295,147.8441
2007191006.0,-22.3394,119.241
2007191007.0,-23.1061,149.8684
2007191008.0,-19.3201,131.6406
2007191011.0,-20.8025,142.2626
2007191012.0,-41.4379,147.1706
2007191013.0,-15.295,134.1007
2007191014.0,-34.0501,141.0679
2007191015.0,-24.9378,152.2029
2007191016.0,-15.2867,135.5269
2007191018.0,-25.0592,113.9713
2007191019.0,-18.225,139.9
2007191021.0,-23.2927,113.9212
2007191022.0,-30.9166,141.9139
2007191023.0,-15.6121,135.8403
2007191024.0,-24.399,148.5852
2007191025.0,-28.2627,120.0934
2007191027.0,-32.3449,121.7061
2007191028.0,-19.0149,138.725
2007191029.0,-32.2983,148.6238
2007191030.0,-29.5264,143.2186
2007191031.0,-24.9772,138.7357
2007191032.0,-16.7534,123.9947
2007191035.0,-21.8203,145.2623
2007191036.0,-28.7663,140.8892
2007191037.0,-31.8279,148.8486
2007191038.0,-19.2356,136.3776
2007191039.0,-22.9077,138.8624
2007191042.0,-32.6417,120.5777
2007191043.0,-17.7382,123.6448
2007191044.0,-17.1912,141.7293
2007191045.0,-25.6861,151.7798
2007191046.0,-15.7067,142.619
2007191047.0,-30.5294,121.2026
2007191050.0,-35.3956,143.6502
2007191051.0,-24.085,143.1321
2007191052.0,-20.9017,129.3485
2007191053.0,-25.8908,147.8183
2007191056.0,-14.9716,129.8414
2007191057.0,-29.7548,119.7375
2007191058.0,-13.7982,130.4172
2007191059.0,-27.823,153.0007
2007191061.0,-27.9919,147.4884
2007191062.0,-25.5077,120.2349
2007191063.0,-18.0457,138.8572
2007191065.0,-31.4619,143.1369
2007191066.0,-31.123,139.5619
2007191067.0,-31.7749,145.2272
2007191068.0,-18.3841,129.4184
2007191069.0,-16.8859,138.1521
2007191070.0,-31.8981,132.964
2007191071.0,-18.9363,135.8586
2007191073.0,-17.2957,141.1791
2007191074.0,-15.3678,141.9595
2007191076.0,-34.6502,118.6257
2007191077.0,-22.4412,129.3197
2007191078.0,-18.2038,138.6841
2007191079.0,-36.0658,150.0507
2007191082.0,-35.0851,139.8847
2007191084.0,-25.0511,136.7616
2007191085.0,-29.0233,149.074
2007191087.0,-22.2216,146.556
2007191088.0,-33.8759,120.2268
2007191089.0,-27.6046,137.4607
2007191090.0,-29.4094,146.6509
2007191091.0,-29.175,151.3947
2007191092.0,-38.2905,142.6746
2007191093.0,-32.3966,142.4257
2007191094.0,-32.1665,125.3603
2007191096.0,-34.9447,143.4776
2007191097.0,-27.0618,138.7781
2007191098.0,-22.9751,146.7232
2007191099.0,-29.0054,135.4139
2007191101.0,-20.0003,141.7971
2007191102.0,-14.2401,141.659
2007191103.0,-24.8542,135.8295
2007191105.0,-31.2456,130.8982
2007191107.0,-28.0355,121.6451
2007191109.0,-33.9696,139.6774
2007191110.0,-36.4507,143.9791
2007191111.0,-27.1908,136.4207
2007191112.0,-21.4959,133.4677
2007191113.0,-35.4901,142.9467
2007191114.0,-32.4216,122.6206
2007191115.0,-14.8781,134.5626
2007191116.0,-18.5945,133.1948
2007191117.0,-31.2948,128.557
2007191118.0,-33.7634,147.515
2007191119.0,-23.4283,148.1492
2007191121.0,-31.2344,121.962
2007191122.0,-31.0056,124.6434
2007191123.0,-19.0217,138.7637
2007191125.0,-34.1174,141.9918
2007191126.0,-23.6311,113.9862
2007191128.0,-24.5044,151.9229
2007191129.0,-27.7552,142.2643
2007191130.0,-30.8421,118.267
2007191132.0,-30.2493,145.9382
2007191134.0,-29.9075,115.9958
2007191135.0,-22.518,116.6053
2007191136.0,-19.1052,145.6913
2007191138.0,-31.3934,140.015
2007191139.0,-19.5252,133.5974
2007191141.0,-29.5626,134.1599
2007191142.0,-15.8865,143.4824
2007191143.0,-33.0893,137.0294
2007191144.0,-34.4006,118.7261
2007191145.0,-34.4756,140.3683
2007191147.0,-13.3632,141.8228
2007191149.0,-18.2783,134.532
2007191152.0,-19.8766,130.3199
2007191154.0,-23.9644,149.8675
2007191155.0,-34.0261,137.5871
2007191156.0,-33.2205,140.5086
2007191157.0,-34.2663,119.4022
2007191158.0,-32.1106,147.463
2007191159.0,-27.567,119.5661
2007191161.0,-25.7386,120.8706
2007191165.0,-22.5958,114.1042
2007191166.0,-42.4756,146.7227
2007191167.0,-33.3341,135.01
2007191168.0,-32.5021,142.0829
2007191169.0,-19.2167,145.4262
2007191172.0,-23.7068,113.898
2007191173.0,-18.1579,131.2923
2007191174.0,-30.2751,136.9345
2007191175.0,-22.8114,131.1439
2007191176.0,-29.2167,152.5645
2007191178.0,-19.9208,147.2283
2007191179.0,-33.0673,123.4501
2007191181.0,-31.4142,130.0581
2007191182.0,-37.7195,148.476
2007191183.0,-30.7441,136.9054
2007191184.0,-27.8943,149.5661
2007191186.0,-27.2845,148.9037
2007191187.0,-23.1396,146.6844
2007191188.0,-29.1567,119.0016
2007191189.0,-23.7063,141.0969
2007191190.0,-20.1106,148.1513
2007191192.0,-24.8185,113.8113
2007191193.0,-35.9589,149.1326
2007191194.0,-34.9583,117.0406
2007191195.0,-32.5025,142.0833
2007191197.0,-23.4206,148.6716
2007191198.0,-28.0666,139.2743
2007191199.0,-27.4453,124.2655
2007191201.0,-25.0665,133.7892
2007191202.0,-26.4165,145.9976
2007191203.0,-37.1521,149.859
2007191204.0,-20.8141,146.7696
2007191206.0,-42.5452,145.4813
2007191207.0,-24.5153,149.7667
2007191208.0,-29.4653,137.0758
2007191209.0,-27.7078,152.6821
2007191210.0,-38.7295,143.2324
2007191211.0,-38.2911,142.6737
2007191212.0,-32.1843,148.7392
2007191214.0,-20.3085,141.1586
2007191215.0,-23.5565,148.1405
2007191216.0,-20.3149,136.1042
2007191218.0,-14.6579,134.3623
2007191219.0,-27.497,141.9845
2007191221.0,-38.1439,144.2772
2007191222.0,-14.7907,134.9191
2007191223.0,-11.1039,142.2837
2007191224.0,-16.4443,131.0682
2007191225.0,-30.0808,140.0188
2007191226.0,-31.6582,128.0532
2007191227.0,-15.1362,141.8091
2007191228.0,-25.0641,141.3578
2007191229.0,-12.4279,134.6992
2007191230.0,-30.8768,115.651
2007191231.0,-30.0417,142.0128
2007191232.0,-31.9538,120.7761
2007191233.0,-14.9176,133.7517
2007191234.0,-30.269,142.7923
2007191236.0,-18.084,143.9199
2007191237.0,-34.4475,115.7768
2007191238.0,-21.9511,144.2845
2007191239.0,-25.8067,145.5809
2007191241.0,-29.017,140.4971
2007191243.0,-20.5813,142.9221
2007191244.0,-24.3116,138.8299
2007191245.0,-41.0492,144.6711
2007191246.0,-26.1672,137.5328
2007191247.0,-15.5915,133.1969
2007191248.0,-34.7823,135.5294
2007191249.0,-27.0911,118.7459
2007191250.0,-28.9177,146.8784
2007191251.0,-26.2141,122.1222
2007191252.0,-32.9222,134.1594
2007191253.0,-22.9141,116.2837
2007191254.0,-20.043,137.0159
2007191255.0,-23.0399,140.3384
2007191256.0,-41.7565,147.1862
2007191257.0,-28.692,120.9424
2007191258.0,-18.2519,122.4126
2007191259.0,-30.5386,115.227
2007191261.0,-28.7669,135.1561
2007191262.0,-25.6851,129.213
2007191263.0,-38.3814,142.5973
2007191264.0,-23.3847,136.4496
2007191266.0,-27.7979,148.5062
2007191267.0,-30.8872,133.4183
2007191269.0,-25.4908,149.7632
2007191270.0,-12.2371,134.0483
2007191272.0,-27.72,140.7826
2007191273.0,-12.6167,132.2093
2007191274.0,-28.1593,145.0364
2007191275.0,-29.4641,126.178
2007191276.0,-35.0366,144.1919
2007191277.0,-28.4358,146.656
2007191278.0,-28.3326,148.84
2007191279.0,-30.2322,124.4348
2007191281.0,-23.5568,148.1445
2007191282.0,-29.9076,115.9953
2007191283.0,-37.7359,145.2105
2007191284.0,-25.798,146.428
2007191285.0,-17.9525,135.7071
2007191286.0,-30.1328,124.7519
2007191287.0,-11.7076,132.9192
2007191289.0,-30.0638,140.2395
2007191291.0,-27.1372,123.474
2007191292.0,-32.7546,151.7303
2007191293.0,-28.3175,143.1339
2007191294.0,-23.9612,149.8456
2007191295.0,-26.7728,138.2942
2007191296.0,-32.9411,120.3454
2007191297.0,-17.4098,130.7745
2007191298.0,-27.394,145.2178
2007191299.0,-29.2939,145.0228
2007191301.0,-28.7775,125.7681
2007191302.0,-31.3133,134.4646
2007191303.0,-25.7595,147.8728
2007191304.0,-27.085,141.1734
2007191305.0,-30.4805,133.6881
2007191306.0,-24.0229,144.8534
2007191307.0,-41.0798,145.9243
2007191308.0,-38.2683,144.3472
2007191309.0,-43.0145,147.0111
2007191310.0,-33.2913,137.2954
2007191311.0,-18.4367,140.8727
2007191312.0,-18.6186,135.4057
2007191313.0,-24.1206,137.9431
2007191314.0,-20.5506,132.1264
2007191316.0,-28.2116,114.3201
2007191317.0,-29.3802,139.9816
2007191318.0,-32.4323,134.088
2007191319.0,-33.0116,136.63
2007191321.0,-29.5301,146.1128
2007191322.0,-19.2559,132.6673
2007191323.0,-25.7056,137.889
2007191324.0,-30.6447,145.0527
2007191325.0,-29.4221,120.5199
2007191328.0,-32.8021,137.5748
2007191329.0,-14.2959,131.8689
2007191330.0,-33.4415,150.8681
2007191331.0,-24.0851,143.1318
2007191333.0,-42.5058,146.6929
2007191334.0,-27.0699,149.7135
2007191335.0,-27.8214,118.382
2007191336.0,-26.3405,144.3091
2007191337.0,-12.6557,135.3111
2007191338.0,-34.229,143.526
2007191339.0,-24.8192,113.8092
2007191341.0,-31.6413,139.4539
2007191344.0,-24.3481,136.628
2007191345.0,-15.9789,142.5039
2007191346.0,-25.6113,134.7985
2007191347.0,-24.7735,120.1843
2007191348.0,-28.3467,125.39
2007191350.0,-22.8139,141.9543
2007191351.0,-30.2301,140.6993
2007191352.0,-26.2959,122.3174
2007191353.0,-30.6985,115.5852
2007191354.0,-20.2547,143.1079
2007191355.0,-36.2619,147.2417
2007191356.0,-15.4749,129.7557
2007191357.0,-26.4546,114.1635
2007191358.0,-21.7339,135.6112
2007191359.0,-15.8952,136.3195
2007191361.0,-25.0692,143.0041
2007191362.0,-16.5088,136.0431
2007191363.0,-29.5292,126.7038
2007191364.0,-19.8944,140.1552
2007191365.0,-31.1568,133.4585
2007191366.0,-29.8507,115.1536
2007191367.0,-37.8301,147.5798
2007191368.0,-18.7487,131.2951
2007191369.0,-22.6659,115.679
2007191370.0,-30.5827,134.797
2007191371.0,-12.6668,131.3488
2007191372.0,-34.5196,115.9136
2007191373.0,-34.3348,137.9312
2007191374.0,-34.3601,142.2118
2007191375.0,-26.8399,144.3107
2007191376.0,-30.7885,130.4036
2007191377.0,-25.7416,115.1237
2007191378.0,-36.024,146.278
2007191379.0,-31.1222,139.563
2007191381.0,-33.5949,137.9817
2007191382.0,-26.9856,116.2222
2007191383.0,-16.4437,141.5824
2007191384.0,-24.5182,114.014
2007191385.0,-20.3147,136.104
2007191386.0,-36.0371,144.3087
2007191387.0,-12.9681,130.7607
2007191390.0,-25.9192,144.5667
2007191391.0,-29.384,137.0529
2007191392.0,-25.026,115.8642
2007191393.0,-27.4715,140.0938
2007191394.0,-17.3689,123.1859
2007191396.0,-30.1472,148.3912
2007191397.0,-37.7449,148.9559
2007191398.0,-30.0962,136.1356
2007191399.0,-23.083,132.938
2007191401.0,-31.1734,140.6156
2007191402.0,-15.3207,135.3401
2007191403.0,-33.0252,137.4463
2007191404.0,-25.3373,140.2378
2007191405.0,-28.6882,144.7867
2007191406.0,-22.8056,132.6027
2007191407.0,-31.7894,132.4004
2007191408.0,-24.6404,113.8452
2007191409.0,-28.0877,123.3583
2007191410.0,-17.799,133.8344
2007191411.0,-38.0251,147.1746
2007191412.0,-20.456,137.1432
2007191413.0,-29.3562,121.8772
2007191414.0,-22.1902,138.6982
2007191415.0,-21.9799,115.0332
2007191416.0,-22.4006,145.1295
2007191418.0,-43.3302,146.97
2007191419.0,-24.0245,115.6742
2007191420.0,-32.0169,143.635
2007191421.0,-27.107,149.0627
2007191422.0,-29.7854,140.2812
2007191423.0,-15.7655,130.0339
2007191425.0,-22.0273,129.3627
2007191426.0,-22.7518,150.1157
2007191428.0,-14.9114,144.2141
2007191429.0,-25.6106,134.7981
2007191430.0,-13.4413,142.3126
2007191431.0,-14.1544,141.6707
2007191433.0,-12.0484,132.939
2007191434.0,-23.9892,151.12
2007191435.0,-26.7518,153.0752
2007191436.0,-20.8578,120.6889
2007191437.0,-28.0357,141.9112
2007191438.0,-29.8709,117.7147
2007191439.0,-18.0185,140.5638
2007191440.0,-27.198,119.9537
2007191441.0,-28.2668,117.3884
2007191442.0,-15.6111,132.6253
2007191443.0,-18.6979,139.7669
2007191444.0,-30.7523,152.1913
2007191445.0,-34.5201,115.9127
2007191446.0,-17.1626,138.4788
2007191447.0,-22.228,142.4068
2007191448.0,-16.9639,122.7748
2007191449.0,-22.8575,149.3299
2007191450.0,-22.3032,144.6983
2007191451.0,-41.2677,146.419
2007191452.0,-24.811,132.2858
2007191453.0,-24.6581,130.6202
2007191454.0,-30.7696,150.6321
2007191456.0,-26.7433,120.2688
2007191457.0,-15.4474,130.3537
2007191458.0,-29.1715,136.3253
2007191460.0,-36.508,148.8235
2007191462.0,-26.0985,116.6163
2007191463.0,-23.1932,144.3827
2007191466.0,-16.3003,129.6987
2007191467.0,-32.3637,139.0398
2007191468.0,-21.0502,117.1327
2007191469.0,-36.7059,140.7412
2007191470.0,-17.2093,131.447
2007191471.0,-24.5528,133.2326
2007191472.0,-19.9623,120.5057
2007191473.0,-30.9243,127.4511
2007191475.0,-36.1625,141.483
2007191476.0,-24.361,139.4712
2007191479.0,-15.3668,134.1534
2007191480.0,-12.4274,132.9676
2007191481.0,-20.5201,118.4958
2007191482.0,-31.9487,138.1658
2007191484.0,-20.0864,141.1315
2007191485.0,-29.9446,146.4302
2007191486.0,-23.3844,136.45
2007191487.0,-24.168,141.0908
2007191489.0,-37.6028,141.4451
2007191490.0,-18.2012,142.8743
2007191491.0,-33.4267,115.7117
2007191492.0,-12.2402,135.3994
2007191493.0,-29.3879,152.4871
2007191494.0,-42.705,147.267
2007191495.0,-14.4299,135.1248
2007191496.0,-25.9432,122.3633
2007191497.0,-20.5764,137.6653
2007191498.0,-26.7732,138.2947
2007191499.0,-17.3338,122.1704
2007191501.0,-15.4118,129.1951
2007191503.0,-24.75,116.2603
2007191504.0,-32.4479,136.0051
2007191505.0,-28.3478,135.0902
2007191506.0,-31.6594,116.7206
2007191507.0,-25.5154,123.0368
2007191509.0,-26.9863,116.2217
2007191510.0,-30.9239,127.4522
2007191511.0,-33.4515,137.048
2007191512.0,-14.5617,135.005
2007191513.0,-36.8019,145.0826
2007191514.0,-23.3084,150.4463
2007191515.0,-14.6183,143.8952
2007191516.0,-23.6163,143.8458
2007191517.0,-27.8485,133.6606
2007191518.0,-28.3168,143.1348
2007191519.0,-17.9617,140.8352
2007191520.0,-22.0887,140.1124
2007191521.0,-30.7226,139.5241
2007191522.0,-25.6776,149.2194
2007191523.0,-32.3597,142.1648
2007191524.0,-34.4046,140.8464
2007191525.0,-16.5277,143.4716
2007191526.0,-23.836,134.6728
2007191528.0,-26.2961,143.3854
2007191529.0,-30.7546,144.0645
2007191530.0,-25.89,123.0292
2007191531.0,-19.0173,138.725
2007191532.0,-20.4803,140.5895
2007191533.0,-29.742,117.7992
2007191534.0,-27.1437,134.5525
2007191535.0,-37.2191,139.9986
2007191536.0,-17.8373,139.7453
2007191537.0,-16.5329,142.0574
2007191539.0,-14.3227,132.4131
2007191540.0,-30.3125,146.0786
2007191541.0,-25.6866,152.82
2007191542.0,-34.0884,141.9154
2007191543.0,-23.6797,138.7326
2007191544.0,-27.2164,121.1008
2007191545.0,-29.0543,133.2927
2007191546.0,-29.0444,138.84
2007191547.0,-24.109,143.3525
2007191548.0,-18.6722,141.7118
2007191549.0,-31.597,143.4765
2007191550.0,-33.0287,143.6315
2007191551.0,-23.1073,149.8695
2007191552.0,-12.9573,132.3934
2007191553.0,-24.9283,138.6361
2007191554.0,-29.0619,117.2772
2007191555.0,-14.9342,133.1431
2007191556.0,-31.8511,127.0259
2007191557.0,-24.4958,145.2009
2007191558.0,-24.1941,140.9312
2007191559.0,-32.244,117.0386
2007191560.0,-31.9066,115.9629
2007191561.0,-30.6662,150.056
2007191564.0,-26.6536,146.1767
2007191566.0,-26.709,114.6714
2007191567.0,-20.0619,135.9565
2007191569.0,-14.3634,131.5576
2007191570.0,-22.4792,144.6536
2007191571.0,-25.3114,114.1236
2007191572.0,-33.7432,121.2552
2007191573.0,-26.3867,146.0751
2007191574.0,-31.0357,150.333
2007191576.0,-17.9791,122.5631
2007191577.0,-22.4195,144.5157
2007191578.0,-19.8721,130.321
2007191579.0,-19.2926,136.0683
2007191580.0,-31.4763,140.5714
2007191581.0,-35.9732,144.1684
2007191582.0,-16.2627,145.3353
2007191583.0,-17.1661,133.2826
2007191584.0,-36.0313,147.3533
2007191585.0,-14.6964,143.9902
2007191586.0,-12.7927,143.2938
2007191587.0,-30.8786,123.6358
2007191588.0,-21.8745,145.2322
2007191589.0,-29.2727,116.4259
2007191590.0,-29.464,126.179
2007191591.0,-38.1733,141.7219
2007191592.0,-22.2377,134.5559
2007191593.0,-24.135,151.6915
2007191594.0,-15.2523,129.5768
2007191595.0,-27.5569,152.7961
2007191596.0,-34.1783,150.3042
2007191598.0,-18.7148,121.9302
2007191599.0,-35.8943,150.0629
2007191600.0,-12.8444,130.62
